etiquettes2termes,N
Romans français,25875
Romans québécois,11325
Romans américains,9363
Romans britanniques,4475
Nouvelles françaises,1898
Nouvelles québécoises,1821
Romans italiens,1088
Romans canadiens,1053
Romans belges,923
Romans allemands,867
Romans suisses,740
Romans espagnols,655
Nouvelles américaines,542
Romans suédois,467
Romans australiens,423
Romans irlandais,418
Romans russes,380
Romans japonais,318
Romans argentins,290
Romans norvégiens,253
Romans chinois,228
Romans de,202
Romans néerlandais,185
Romans algériens,176
Romans israéliens,165
Romans brésiliens,163
Romans mexicains,160
Romans danois,159
Romans marocains,156
Nouvelles britanniques,147
Romans sud-africains,142
Romans portugais,138
Romans islandais,137
Nouvelles canadiennes,134
Romans libanais,129
Romans autrichiens,116
Nouvelles belges,113
Romans polonais,113
Romans grecs,110
Romans coréens,109
Romans finlandais,106
Romans néo-zélandais,101
Romans hongrois,98
Romans haïtiens,95
Romans turcs,94
Nouvelles suisses,92
Romans chiliens,91
Romans cubains,86
Nouvelles italiennes,81
Romans camerounais,77
Romans roumains,75
Nouvelles japonaises,72
Romans égyptiens,68
Nouvelles russes,65
Nouvelles allemandes,64
Romans colombiens,63
Romans congolais,58
Nouvelles chinoises,54
Romans martiniquais,53
Romans vietnamiens,48
Romans sénégalais,48
Romans iraniens,47
Nouvelles espagnoles,47
Romans tunisiens,44
Romans tchèques,41
Nouvelles argentines,36
Romans péruviens,35
Romans serbes,32
Nouvelles coréennes,32
Nouvelles irlandaises,32
Romans guadeloupéens,31
Romans serbo-croates,29
Romans réunionnais,28
Romans catalans,28
Nouvelles de,27
Romans mauriciens,26
Romans nigérians,26
Romans bulgares,25
,24
Nouvelles mexicaines,24
Nouvelles israéliennes,24
Romans ivoiriens,23
Nouvelles grecques,23
Nouvelles algériennes,23
Romans togolais,22
Romans maliens,21
Romans syriens,21
Romans uruguayens,20
Nouvelles turques,20
Romans albanais,19
Nouvelles brésiliennes,19
Romans vénézuéliens,18
Romans slovènes,18
Romans irakiens,18
Romans flamands,18
Romans pakistanais,17
Romans gabonais,17
Nouvelles marocaines,17
Romans palestiniens,16
Romans slovaques,16
Romans estoniens,16
Nouvelles polonaises,16
Romans saoudiens,15
Romans bosniaques,15
Nouvelles hongroises,15
Romans sud-coréens,15
Nouvelles portugaises,15
Nouvelles australiennes,15
Romans ukrainiens,15
Nouvelles autrichiennes,14
Romans guatémaltèques,14
Nouvelles chiliennes,14
Romans salvadoriens,14
Nouvelles suédoises,14
Romans arméniens,13
Romans afrikaans,13
Romans malaisiens,12
Nouvelles vietnamiennes,12
Romans zimbabwéens,11
Romans béninois,11
Nouvelles tchèques,11
Romans croates,11
Nouvelles roumaines,11
Romans burkinabés,11
Nouvelles néerlandaises,11
Romans guinéens,10
Nouvelles serbes,10
Romans thaïlandais,10
Romans mozambicains,10
Romans angolais,10
Romans taiwanais,10
Nouvelles iraniennes,10
Romans malgaches,9
Romans tchadiens,9
Romans indonésiens,9
Romans moldaves,9
Romans soudanais,9
Romans yougoslaves,8
Nouvelles catalanes,8
Romans trinidadiens,8
Nouvelles camerounaises,8
Nouvelles serbo-croates,8
Romans nicaraguayens,7
Romans afghans,7
Romans nigériens,7
Romans rwandais,7
Romans philippins,7
Romans sri-lankais,7
Nouvelles cubaines,7
Romans néo-calédoniens,7
Romans équatoriens,7
Nouvelles égyptiennes,7
Romans mauritaniens,7
Nouvelles sud-africaines,7
Romans comoriens,7
Nouvelles danoises,7
Nouvelles haïtiennes,6
Romans géorgiens,6
Nouvelles libanaises,6
Romans djiboutiens,6
Romans kenyans,6
Romans costariciens,6
Romans libyens,5
Romans bengalis,5
Nouvelles néo-zélandaises,5
Nouvelles finlandaises,5
Romans polynésiens,5
Nouvelles nigérianes,5
Romans boliviens,5
Romans yéménites,5
Nouvelles norvégiennes,5
Nouvelles taiwanaises,5
Nouvelles guatémaltèques,5
Romans samoans,5
Romans macédoniens,4
Romans portoricains,4
Romans tibétains,4
Romans jamaïquains,4
Nouvelles vénézuéliennes,4
Nouvelles martiniquaises,4
Romans malais,4
Nouvelles néo-calédoniennes,4
Nouvelles uruguayennes,4
Nouvelles pakistanaises,4
Romans azéris,4
Nouvelles congolaises,4
Nouvelles slovènes,4
Romans guyanais,4
Nouvelles afghanes,4
Nouvelles bulgares,4
Romans biélorusses,4
Romans tahitiens,4
Nouvelles péruviennes,4
Romans koweïtiens,3
Romans éthiopiens,3
Romans monténégrins,3
Nouvelles polynésiennes,3
Romans ouzbeks,3
Nouvelles gabonaises,3
Nouvelles sénégalaises,3
Romans paraguayens,3
Romans jordaniens,3
Nouvelles maliennes,3
Romans singapouriens,3
Nouvelles malgaches,3
Nouvelles islandaises,3
Nouvelles colombiennes,3
Nouvelles lettones,3
Nouvelles béninoises,3
Romans canadiens-français,2
Romans lettons,2
Nouvelles tchadiennes,2
Nouvelles bosniaques,2
Nouvelles soudanaises,2
Romans ougandais,2
Nouvelles mozambicaines,2
Nouvelles arméniennes,2
Romans qatariens,2
Nouvelles rwandaises,2
Nouvelles togolaises,2
Romans burundais,2
Nouvelles équatoriennes,2
Nouvelles réunionnaises,2
Romans bangladeshis,2
Nouvelles paraguayennes,2
Romans centrafricains,2
Romans dominicains,2
Nouvelles tunisiennes,2
Romans swazis,2
Romans lituaniens,2
Romans ghanéens,2
Romans somaliens,2
Romans galiciens,2
Nouvelles albanaises,2
Nouvelles mauriciennes,2
Nouvelles thaïlandaises,2
Romans maltais,1
Nouvelles lituaniennes,1
Nouvelles salvadoriennes,1
Romans kosovars,1
Nouvelles antillaises,1
Romans libériens,1
Romans jamaïcains,1
Nouvelles sud-coréennes,1
Nouvelles africaines,1
Romans calédoniens,1
Nouvelles djiboutiennes,1
Nouvelles burkinabé,1
Nouvelles trinidadiennes,1
Romans émiriens,1
Romans équato-guinéens,1
Nouvelles inuites,1
Romans inuits,1
Nouvelles syriennes,1
Nouvelles bangladeshies,1
Romans birmans,1
Nouvelles bhoutanaises,1
Romans papouans-néo-guinéens,1
Nouvelles estoniennes,1
Romans groenlandais,1
Romans féroïens,1
Nouvelles iraquiennes,1
Nouvelles yougoslaves,1
Nouvelles guinéennes,1
Nouvelles macédoniennes,1
Romans tchouktches,1
Nouvelles palestiniennes,1
Romans barbadiens,1
Nouvelles tadjik,1
Romans panaméens,1
Nouvelles monténégrines,1
Romans cambodgiens,1
Romans bhoutanais,1
Romans mongols,1
Romans canadiens-anglais,1
Nouvelles arabes,1
Romans omanais,1
Romans botswanais,1
Nouvelles zimbabwéennes,1
Nouvelles ukrainiennes,1
Nouvelles tibétaines,1
Nouvelles boliviennes,1
Nouvelles philippines,1
Nouvelles ivoiriennes,1
Nouvelles écossaises,1
Romans timorais,1
